name,hp,attack,sp_attack,defense,sp_defense,speed
Bulbasaur,45,49,65,49,65,45
Ivysaur,60,62,80,63,80,60
Venusaur,80,100,122,123,120,80
Charmander,39,52,60,43,50,65
Charmeleon,58,64,80,58,65,80
Charizard,78,104,159,78,115,100
Squirtle,44,48,50,65,64,43
Wartortle,59,63,65,80,80,58
Blastoise,79,103,135,120,115,78
Caterpie,45,30,20,35,20,45
Metapod,50,20,25,55,25,30
Butterfree,60,45,90,50,80,70
Weedle,40,35,20,30,20,50
Kakuna,45,25,25,50,25,35
Beedrill,65,150,15,40,80,145
Pidgey,40,45,35,40,35,56
Pidgeotto,63,60,50,55,50,71
Pidgeot,83,80,135,80,80,121
Rattata,30,56,25,35,35,72
Raticate,75,71,40,70,80,77
Spearow,40,60,31,30,31,70
Fearow,65,90,61,65,61,100
Ekans,35,60,40,44,54,55
Arbok,60,95,65,69,79,80
Pikachu,35,55,50,40,50,90
Raichu,60,85,95,50,85,110
Sandshrew,50,75,10,90,35,40
Sandslash,75,100,25,120,65,65
Nidoran♀,55,47,40,52,40,41
Nidorina,70,62,55,67,55,56
Nidoqueen,90,92,75,87,85,76
Nidoran♂,46,57,40,40,40,50
Nidorino,61,72,55,57,55,65
Nidoking,81,102,85,77,75,85
Clefairy,70,45,60,48,65,35
Clefable,95,70,95,73,90,60
Vulpix,38,41,50,40,65,65
Ninetales,73,67,81,75,100,109
Jigglypuff,115,45,45,20,25,20
Wigglytuff,140,70,85,45,50,45
Zubat,40,45,30,35,40,55
Golbat,75,80,65,70,75,90
Oddish,45,50,75,55,65,30
Gloom,60,65,85,70,75,40
Vileplume,75,80,110,85,90,50
Paras,35,70,45,55,55,25
Parasect,60,95,60,80,80,30
Venonat,60,55,40,50,55,45
Venomoth,70,65,90,60,75,90
Diglett,10,55,35,30,45,90
Dugtrio,35,100,50,60,70,110
Meowth,40,35,50,35,40,90
Persian,65,60,75,60,65,115
Psyduck,50,52,65,48,50,55
Golduck,80,82,95,78,80,85
Mankey,40,80,35,35,45,70
Primeape,65,105,60,60,70,95
Growlithe,55,70,70,45,50,60
Arcanine,90,110,100,80,80,95
Poliwag,40,50,40,40,40,90
Poliwhirl,65,65,50,65,50,90
Poliwrath,90,95,70,95,90,70
Abra,25,20,105,15,55,90
Kadabra,40,35,120,30,70,105
Alakazam,55,50,175,65,105,150
Machop,70,80,35,50,35,35
Machoke,80,100,50,70,60,45
Machamp,90,130,65,80,85,55
Bellsprout,50,75,70,35,30,40
Weepinbell,65,90,85,50,45,55
Victreebel,80,105,100,65,70,70
Tentacool,40,40,50,35,100,70
Tentacruel,80,70,80,65,120,100
Geodude,40,80,30,100,30,20
Graveler,55,95,45,115,45,35
Golem,80,120,55,130,65,45
Ponyta,50,85,65,55,65,90
Rapidash,65,100,80,70,80,105
Slowpoke,90,65,40,65,40,15
Slowbro,95,75,130,180,80,30
Magnemite,25,35,95,70,55,45
Magneton,50,60,120,95,70,70
Farfetch'd,52,90,58,55,62,60
Doduo,35,85,35,45,35,75
Dodrio,60,110,60,70,60,110
Seel,65,45,45,55,70,45
Dewgong,90,70,70,80,95,70
Grimer,80,80,40,50,50,25
Muk,105,105,65,75,100,50
Shellder,30,65,45,100,25,40
Cloyster,50,95,85,180,45,70
Gastly,30,35,100,30,35,80
Haunter,45,50,115,45,55,95
Gengar,60,65,170,80,95,130
Onix,35,45,30,160,45,70
Drowzee,60,48,43,45,90,42
Hypno,85,73,73,70,115,67
Krabby,30,105,25,90,25,50
Kingler,55,130,50,115,50,75
Voltorb,40,30,55,50,55,100
Electrode,60,50,80,70,80,150
Exeggcute,60,40,60,80,45,40
Exeggutor,95,105,125,85,75,45
Cubone,50,50,40,95,50,35
Marowak,60,80,50,110,80,45
Hitmonlee,50,120,35,53,110,87
Hitmonchan,50,105,35,79,110,76
Lickitung,90,55,60,75,75,30
Koffing,40,65,60,95,45,35
Weezing,65,90,85,120,70,60
Rhyhorn,80,85,30,95,30,25
Rhydon,105,130,45,120,45,40
Chansey,250,5,35,5,105,50
Tangela,65,55,100,115,40,60
Kangaskhan,105,125,60,100,100,100
Horsea,30,40,70,70,25,60
Seadra,55,65,95,95,45,85
Goldeen,45,67,35,60,50,63
Seaking,80,92,65,65,80,68
Staryu,30,45,70,55,55,85
Starmie,60,75,100,85,85,115
Mr. Mime,40,45,100,65,120,90
Scyther,70,110,55,80,80,105
Jynx,65,50,115,35,95,95
Electabuzz,65,83,95,57,85,105
Magmar,65,95,100,57,85,93
Pinsir,65,155,65,120,90,105
Tauros,75,100,40,95,70,110
Magikarp,20,10,15,55,20,80
Gyarados,95,155,70,109,130,81
Lapras,130,85,85,80,95,60
Ditto,48,48,48,48,48,48
Eevee,55,55,45,50,65,55
Vaporeon,130,65,110,60,95,65
Jolteon,65,65,110,60,95,130
Flareon,65,130,95,60,110,65
Porygon,65,60,85,70,75,40
Omanyte,35,40,90,100,55,35
Omastar,70,60,115,125,70,55
Kabuto,30,80,55,90,45,55
Kabutops,60,115,65,105,70,80
Aerodactyl,80,135,70,85,95,150
Snorlax,160,110,65,65,110,30
Articuno,90,85,95,100,125,85
Zapdos,90,90,125,85,90,100
Moltres,90,100,125,90,85,90
Dratini,41,64,50,45,50,50
Dragonair,61,84,70,65,70,70
Dragonite,91,134,100,95,100,80
Mewtwo,106,150,194,70,120,140
Mew,100,100,100,100,100,100
Chikorita,45,49,49,65,65,45
Bayleef,60,62,63,80,80,60
Meganium,80,82,83,100,100,80
Cyndaquil,39,52,60,43,50,65
Quilava,58,64,80,58,65,80
Typhlosion,78,84,109,78,85,100
Totodile,50,65,44,64,48,43
Croconaw,65,80,59,80,63,58
Feraligatr,85,105,79,100,83,78
Sentret,35,46,35,34,45,20
Furret,85,76,45,64,55,90
Hoothoot,60,30,36,30,56,50
Noctowl,100,50,86,50,96,70
Ledyba,40,20,40,30,80,55
Ledian,55,35,55,50,110,85
Spinarak,40,60,40,40,40,30
Ariados,70,90,60,70,70,40
Crobat,85,90,70,80,80,130
Chinchou,75,38,56,38,56,67
Lanturn,125,58,76,58,76,67
Pichu,20,40,35,15,35,60
Cleffa,50,25,45,28,55,15
Igglybuff,90,30,40,15,20,15
Togepi,35,20,40,65,65,20
Togetic,55,40,80,85,105,40
Natu,40,50,70,45,45,70
Xatu,65,75,95,70,70,95
Mareep,55,40,65,40,45,35
Flaaffy,70,55,80,55,60,45
Ampharos,90,95,165,105,110,45
Bellossom,75,80,90,95,100,50
Marill,70,20,20,50,50,40
Azumarill,100,50,60,80,80,50
Sudowoodo,70,100,30,115,65,30
Politoed,90,75,90,75,100,70
Hoppip,35,35,35,40,55,50
Skiploom,55,45,45,50,65,80
Jumpluff,75,55,55,70,95,110
Aipom,55,70,40,55,55,85
Sunkern,30,30,30,30,30,30
Sunflora,75,75,105,55,85,30
Yanma,65,65,75,45,45,95
Wooper,55,45,25,45,25,15
Quagsire,95,85,65,85,65,35
Espeon,65,65,130,60,95,110
Umbreon,95,65,60,110,130,65
Murkrow,60,85,85,42,42,91
Slowking,95,75,100,80,110,30
Misdreavus,60,60,85,60,85,85
Unown,48,72,72,48,48,48
Wobbuffet,190,33,33,58,58,33
Girafarig,70,80,90,65,65,85
Pineco,50,65,35,90,35,15
Forretress,75,90,60,140,60,40
Dunsparce,100,70,65,70,65,45
Gligar,65,75,35,105,65,85
Steelix,75,125,55,230,95,30
Snubbull,60,80,40,50,40,30
Granbull,90,120,60,75,60,45
Qwilfish,65,95,55,85,55,85
Scizor,70,150,65,140,100,75
Shuckle,20,10,10,230,230,5
Heracross,80,185,40,115,105,75
Sneasel,55,95,35,55,75,115
Teddiursa,60,80,50,50,50,40
Ursaring,90,130,75,75,75,55
Slugma,40,40,70,40,40,20
Magcargo,60,50,90,120,80,30
Swinub,50,50,30,40,30,50
Piloswine,100,100,60,80,60,50
Corsola,65,55,65,95,95,35
Remoraid,35,65,65,35,35,65
Octillery,75,105,105,75,75,45
Delibird,45,55,65,45,45,75
Mantine,85,40,80,70,140,70
Skarmory,65,80,40,140,70,70
Houndour,45,60,80,30,50,65
Houndoom,75,90,140,90,90,115
Kingdra,75,95,95,95,95,85
Phanpy,90,60,40,60,40,40
Donphan,90,120,60,120,60,50
Porygon2,85,80,105,90,95,60
Stantler,73,95,85,62,65,85
Smeargle,55,20,20,35,45,75
Tyrogue,35,35,35,35,35,35
Hitmontop,50,95,35,95,110,70
Smoochum,45,30,85,15,65,65
Elekid,45,63,65,37,55,95
Magby,45,75,70,37,55,83
Miltank,95,80,40,105,70,100
Blissey,255,10,75,10,135,55
Raikou,90,85,115,75,100,115
Entei,115,115,90,85,75,100
Suicune,100,75,90,115,115,85
Larvitar,50,64,45,50,50,41
Pupitar,70,84,65,70,70,51
Tyranitar,100,164,95,150,120,71
Lugia,106,90,90,130,154,110
Ho-Oh,106,130,110,90,154,90
Celebi,100,100,100,100,100,100
Treecko,40,45,65,35,55,70
Grovyle,50,65,85,45,65,95
Sceptile,70,110,145,75,85,145
Torchic,45,60,70,40,50,45
Combusken,60,85,85,60,60,55
Blaziken,80,160,130,80,80,100
Mudkip,50,70,50,50,50,40
Marshtomp,70,85,60,70,70,50
Swampert,100,150,95,110,110,70
Poochyena,35,55,30,35,30,35
Mightyena,70,90,60,70,60,70
Zigzagoon,38,30,30,41,41,60
Linoone,78,70,50,61,61,100
Wurmple,45,45,20,35,30,20
Silcoon,50,35,25,55,25,15
Beautifly,60,70,100,50,50,65
Cascoon,50,35,25,55,25,15
Dustox,60,50,50,70,90,65
Lotad,40,30,40,30,50,30
Lombre,60,50,60,50,70,50
Ludicolo,80,70,90,70,100,70
Seedot,40,40,30,50,30,30
Nuzleaf,70,70,60,40,40,60
Shiftry,90,100,90,60,60,80
Taillow,40,55,30,30,30,85
Swellow,60,85,75,60,50,125
Wingull,40,30,55,30,30,85
Pelipper,60,50,95,100,70,65
Ralts,28,25,45,25,35,40
Kirlia,38,35,65,35,55,50
Gardevoir,68,85,165,65,135,100
Surskit,40,30,50,32,52,65
Masquerain,70,60,100,62,82,80
Shroomish,60,40,40,60,60,35
Breloom,60,130,60,80,60,70
Slakoth,60,60,35,60,35,30
Vigoroth,80,80,55,80,55,90
Slaking,150,160,95,100,65,100
Nincada,31,45,30,90,30,40
Ninjask,61,90,50,45,50,160
Shedinja,1,90,30,45,30,40
Whismur,64,51,51,23,23,28
Loudred,84,71,71,43,43,48
Exploud,104,91,91,63,73,68
Makuhita,72,60,20,30,30,25
Hariyama,144,120,40,60,60,50
Azurill,50,20,20,40,40,20
Nosepass,30,45,45,135,90,30
Skitty,50,45,35,45,35,50
Delcatty,70,65,55,65,55,90
Sableye,50,85,85,125,115,20
Mawile,50,105,55,125,95,50
Aron,50,70,40,100,40,30
Lairon,60,90,50,140,50,40
Aggron,70,140,60,230,80,50
Meditite,30,40,40,55,55,60
Medicham,60,100,80,85,85,100
Electrike,40,45,65,40,40,65
Manectric,70,75,135,80,80,135
Plusle,60,50,85,40,75,95
Minun,60,40,75,50,85,95
Volbeat,65,73,47,75,85,85
Illumise,65,47,73,75,85,85
Roselia,50,60,100,45,80,65
Gulpin,70,43,43,53,53,40
Swalot,100,73,73,83,83,55
Carvanha,45,90,65,20,20,65
Sharpedo,70,140,110,70,65,105
Wailmer,130,70,70,35,35,60
Wailord,170,90,90,45,45,60
Numel,60,60,65,40,45,35
Camerupt,70,120,145,100,105,20
Torkoal,70,85,85,140,70,20
Spoink,60,25,70,35,80,60
Grumpig,80,45,90,65,110,80
Spinda,60,60,60,60,60,60
Trapinch,45,100,45,45,45,10
Vibrava,50,70,50,50,50,70
Flygon,80,100,80,80,80,100
Cacnea,50,85,85,40,40,35
Cacturne,70,115,115,60,60,55
Swablu,45,40,40,60,75,50
Altaria,75,110,110,110,105,80
Zangoose,73,115,60,60,60,90
Seviper,73,100,100,60,60,65
Lunatone,90,55,95,65,85,70
Solrock,90,95,55,85,65,70
Barboach,50,48,46,43,41,60
Whiscash,110,78,76,73,71,60
Corphish,43,80,50,65,35,35
Crawdaunt,63,120,90,85,55,55
Baltoy,40,40,40,55,70,55
Claydol,60,70,70,105,120,75
Lileep,66,41,61,77,87,23
Cradily,86,81,81,97,107,43
Anorith,45,95,40,50,50,75
Armaldo,75,125,70,100,80,45
Feebas,20,15,10,20,55,80
Milotic,95,60,100,79,125,81
Castform,70,70,70,70,70,70
Kecleon,60,90,60,70,120,40
Shuppet,44,75,63,35,33,45
Banette,64,165,93,75,83,75
Duskull,20,40,30,90,90,25
Dusclops,40,70,60,130,130,25
Tropius,99,68,72,83,87,51
Chimecho,75,50,95,80,90,65
Absol,65,150,115,60,60,115
Wynaut,95,23,23,48,48,23
Snorunt,50,50,50,50,50,50
Glalie,80,120,120,80,80,100
Spheal,70,40,55,50,50,25
Sealeo,90,60,75,70,70,45
Walrein,110,80,95,90,90,65
Clamperl,35,64,74,85,55,32
Huntail,55,104,94,105,75,52
Gorebyss,55,84,114,105,75,52
Relicanth,100,90,45,130,65,55
Luvdisc,43,30,40,55,65,97
Bagon,45,75,40,60,30,50
Shelgon,65,95,60,100,50,50
Salamence,95,145,120,130,90,120
Beldum,40,55,35,80,60,30
Metang,60,75,55,100,80,50
Metagross,80,145,105,150,110,110
Regirock,80,100,50,200,100,50
Regice,80,50,100,100,200,50
Registeel,80,75,75,150,150,50
Latias,80,100,140,120,150,110
Latios,80,130,160,100,120,110
Kyogre,100,150,180,90,160,90
Groudon,100,180,150,160,90,90
Rayquaza,105,180,180,100,100,115
Jirachi,100,100,100,100,100,100
Deoxys,50,95,95,90,90,180
Turtwig,55,68,45,64,55,31
Grotle,75,89,55,85,65,36
Torterra,95,109,75,105,85,56
Chimchar,44,58,58,44,44,61
Monferno,64,78,78,52,52,81
Infernape,76,104,104,71,71,108
Piplup,53,51,61,53,56,40
Prinplup,64,66,81,68,76,50
Empoleon,84,86,111,88,101,60
Starly,40,55,30,30,30,60
Staravia,55,75,40,50,40,80
Staraptor,85,120,50,70,60,100
Bidoof,59,45,35,40,40,31
Bibarel,79,85,55,60,60,71
Kricketot,37,25,25,41,41,25
Kricketune,77,85,55,51,51,65
Shinx,45,65,40,34,34,45
Luxio,60,85,60,49,49,60
Luxray,80,120,95,79,79,70
Budew,40,30,50,35,70,55
Roserade,60,70,125,65,105,90
Cranidos,67,125,30,40,30,58
Rampardos,97,165,65,60,50,58
Shieldon,30,42,42,118,88,30
Bastiodon,60,52,47,168,138,30
Burmy,40,29,29,45,45,36
Wormadam,60,69,69,95,95,36
Mothim,70,94,94,50,50,66
Combee,30,30,30,42,42,70
Vespiquen,70,80,80,102,102,40
Pachirisu,60,45,45,70,90,95
Buizel,55,65,60,35,30,85
Floatzel,85,105,85,55,50,115
Cherubi,45,35,62,45,53,35
Cherrim,70,60,87,70,78,85
Shellos,76,48,57,48,62,34
Gastrodon,111,83,92,68,82,39
Ambipom,75,100,60,66,66,115
Drifloon,90,50,60,34,44,70
Drifblim,150,80,90,44,54,80
Buneary,55,66,44,44,56,85
Lopunny,65,136,54,94,96,135
Mismagius,60,60,105,60,105,105
Honchkrow,100,125,105,52,52,71
Glameow,49,55,42,42,37,85
Purugly,71,82,64,64,59,112
Chingling,45,30,65,50,50,45
Stunky,63,63,41,47,41,74
Skuntank,103,93,71,67,61,84
Bronzor,57,24,24,86,86,23
Bronzong,67,89,79,116,116,33
Bonsly,50,80,10,95,45,10
Mime Jr.,20,25,70,45,90,60
Happiny,100,5,15,5,65,30
Chatot,76,65,92,45,42,91
Spiritomb,50,92,92,108,108,35
Gible,58,70,40,45,45,42
Gabite,68,90,50,65,55,82
Garchomp,108,170,120,115,95,92
Munchlax,135,85,40,40,85,5
Riolu,40,70,35,40,40,60
Lucario,70,145,140,88,70,112
Hippopotas,68,72,38,78,42,32
Hippowdon,108,112,68,118,72,47
Skorupi,40,50,30,90,55,65
Drapion,70,90,60,110,75,95
Croagunk,48,61,61,40,40,50
Toxicroak,83,106,86,65,65,85
Carnivine,74,100,90,72,72,46
Finneon,49,49,49,56,61,66
Lumineon,69,69,69,76,86,91
Mantyke,45,20,60,50,120,50
Snover,60,62,62,50,60,40
Abomasnow,90,132,132,105,105,30
Weavile,70,120,45,65,85,125
Magnezone,70,70,130,115,90,60
Lickilicky,110,85,80,95,95,50
Rhyperior,115,140,55,130,55,40
Tangrowth,100,100,110,125,50,50
Electivire,75,123,95,67,85,95
Magmortar,75,95,125,67,95,83
Togekiss,85,50,120,95,115,80
Yanmega,86,76,116,86,56,95
Leafeon,65,110,60,130,65,95
Glaceon,65,60,130,110,95,65
Gliscor,75,95,45,125,75,95
Mamoswine,110,130,70,80,60,80
Porygon-Z,85,80,135,70,75,90
Gallade,68,165,65,95,115,110
Probopass,60,55,75,145,150,40
Dusknoir,45,100,65,135,135,45
Froslass,70,80,80,70,70,110
Rotom,50,65,105,107,107,86
Uxie,75,75,75,130,130,95
Mesprit,80,105,105,105,105,80
Azelf,75,125,125,70,70,115
Dialga,100,120,150,120,100,90
Palkia,90,120,150,100,120,100
Heatran,91,90,130,106,106,77
Regigigas,110,160,80,110,110,100
Giratina,150,120,120,100,100,90
Cresselia,120,70,75,120,130,85
Phione,80,80,80,80,80,80
Manaphy,100,100,100,100,100,100
Darkrai,70,90,135,90,90,125
Shaymin,100,103,120,75,75,127
Arceus,120,120,120,120,120,120
Victini,100,100,100,100,100,100
Snivy,45,45,45,55,55,63
Servine,60,60,60,75,75,83
Serperior,75,75,75,95,95,113
Tepig,65,63,45,45,45,45
Pignite,90,93,70,55,55,55
Emboar,110,123,100,65,65,65
Oshawott,55,55,63,45,45,45
Dewott,75,75,83,60,60,60
Samurott,95,100,108,85,70,70
Patrat,45,55,35,39,39,42
Watchog,60,85,60,69,69,77
Lillipup,45,60,25,45,45,55
Herdier,65,80,35,65,65,60
Stoutland,85,110,45,90,90,80
Purrloin,41,50,50,37,37,66
Liepard,64,88,88,50,50,106
Pansage,50,53,53,48,48,64
Simisage,75,98,98,63,63,101
Pansear,50,53,53,48,48,64
Simisear,75,98,98,63,63,101
Panpour,50,53,53,48,48,64
Simipour,75,98,98,63,63,101
Munna,76,25,67,45,55,24
Musharna,116,55,107,85,95,29
Pidove,50,55,36,50,30,43
Tranquill,62,77,50,62,42,65
Unfezant,80,115,65,80,55,93
Blitzle,45,60,50,32,32,76
Zebstrika,75,100,80,63,63,116
Roggenrola,55,75,25,85,25,15
Boldore,70,105,50,105,40,20
Gigalith,85,135,60,130,80,25
Woobat,65,45,55,43,43,72
Swoobat,67,57,77,55,55,114
Drilbur,60,85,30,40,45,68
Excadrill,110,135,50,60,65,88
Audino,103,60,80,126,126,50
Timburr,75,80,25,55,35,35
Gurdurr,85,105,40,85,50,40
Conkeldurr,105,140,55,95,65,45
Tympole,50,50,50,40,40,64
Palpitoad,75,65,65,55,55,69
Seismitoad,105,95,85,75,75,74
Throh,120,100,30,85,85,45
Sawk,75,125,30,75,75,85
Sewaddle,45,53,40,70,60,42
Swadloon,55,63,50,90,80,42
Leavanny,75,103,70,80,80,92
Venipede,30,45,30,59,39,57
Whirlipede,40,55,40,99,79,47
Scolipede,60,100,55,89,69,112
Cottonee,40,27,37,60,50,66
Whimsicott,60,67,77,85,75,116
Petilil,45,35,70,50,50,30
Lilligant,70,60,110,75,75,90
Basculin,70,92,80,65,55,98
Sandile,50,72,35,35,35,65
Krokorok,60,82,45,45,45,74
Krookodile,95,117,65,80,70,92
Darumaka,70,90,15,45,45,50
Darmanitan,105,30,140,105,105,55
Maractus,75,86,106,67,67,60
Dwebble,50,65,35,85,35,55
Crustle,70,105,65,125,75,45
Scraggy,50,75,35,70,70,48
Scrafty,65,90,45,115,115,58
Sigilyph,72,58,103,80,80,97
Yamask,38,30,55,85,65,30
Cofagrigus,58,50,95,145,105,30
Tirtouga,54,78,53,103,45,22
Carracosta,74,108,83,133,65,32
Archen,55,112,74,45,45,70
Archeops,75,140,112,65,65,110
Trubbish,50,50,40,62,62,65
Garbodor,80,95,60,82,82,75
Zorua,40,65,80,40,40,65
Zoroark,60,105,120,60,60,105
Minccino,55,50,40,40,40,75
Cinccino,75,95,65,60,60,115
Gothita,45,30,55,50,65,45
Gothorita,60,45,75,70,85,55
Gothitelle,70,55,95,95,110,65
Solosis,45,30,105,40,50,20
Duosion,65,40,125,50,60,30
Reuniclus,110,65,125,75,85,30
Ducklett,62,44,44,50,50,55
Swanna,75,87,87,63,63,98
Vanillite,36,50,65,50,60,44
Vanillish,51,65,80,65,75,59
Vanilluxe,71,95,110,85,95,79
Deerling,60,60,40,50,50,75
Sawsbuck,80,100,60,70,70,95
Emolga,55,75,75,60,60,103
Karrablast,50,75,40,45,45,60
Escavalier,70,135,60,105,105,20
Foongus,69,55,55,45,55,15
Amoonguss,114,85,85,70,80,30
Frillish,55,40,65,50,85,40
Jellicent,100,60,85,70,105,60
Alomomola,165,75,40,80,45,65
Joltik,50,47,57,50,50,65
Galvantula,70,77,97,60,60,108
Ferroseed,44,50,24,91,86,10
Ferrothorn,74,94,54,131,116,20
Klink,40,55,45,70,60,30
Klang,60,80,70,95,85,50
Klinklang,60,100,70,115,85,90
Tynamo,35,55,45,40,40,60
Eelektrik,65,85,75,70,70,40
Eelektross,85,115,105,80,80,50
Elgyem,55,55,85,55,55,30
Beheeyem,75,75,125,75,95,40
Litwick,50,30,65,55,55,20
Lampent,60,40,95,60,60,55
Chandelure,60,55,145,90,90,80
Axew,46,87,30,60,40,57
Fraxure,66,117,40,70,50,67
Haxorus,76,147,60,90,70,97
Cubchoo,55,70,60,40,40,40
Beartic,95,130,70,80,80,50
Cryogonal,80,50,95,50,135,105
Shelmet,50,40,40,85,65,25
Accelgor,80,70,100,40,60,145
Stunfisk,109,66,81,84,99,32
Mienfoo,45,85,55,50,50,65
Mienshao,65,125,95,60,60,105
Druddigon,77,120,60,90,90,48
Golett,59,74,35,50,50,35
Golurk,89,124,55,80,80,55
Pawniard,45,85,40,70,40,60
Bisharp,65,125,60,100,70,70
Bouffalant,95,110,40,95,95,55
Rufflet,70,83,37,50,50,60
Braviary,100,123,57,75,75,80
Vullaby,70,55,45,75,65,60
Mandibuzz,110,65,55,105,95,80
Heatmor,85,97,105,66,66,65
Durant,58,109,48,112,48,109
Deino,52,65,45,50,50,38
Zweilous,72,85,65,70,70,58
Hydreigon,92,105,125,90,90,98
Larvesta,55,85,50,55,55,60
Volcarona,85,60,135,65,105,100
Cobalion,91,90,90,129,72,108
Terrakion,91,129,72,90,90,108
Virizion,91,90,90,72,129,108
Tornadus,79,100,110,80,90,121
Thundurus,79,105,145,70,80,101
Reshiram,100,120,150,100,120,90
Zekrom,100,150,120,120,100,90
Landorus,89,145,105,90,80,91
Kyurem,125,120,170,90,100,95
Keldeo,91,72,129,90,90,108
Meloetta,100,128,77,90,77,128
Genesect,71,120,120,95,95,99
Chespin,56,61,48,65,45,38
Quilladin,61,78,56,95,58,57
Chesnaught,88,107,74,122,75,64
Fennekin,40,45,62,40,60,60
Braixen,59,59,90,58,70,73
Delphox,75,69,114,72,100,104
Froakie,41,56,62,40,44,71
Frogadier,54,63,83,52,56,97
Greninja,72,145,153,67,71,132
Bunnelby,38,36,32,38,36,57
Diggersby,85,56,50,77,77,78
Fletchling,45,50,40,43,38,62
Fletchinder,62,73,56,55,52,84
Talonflame,78,81,74,71,69,126
Scatterbug,38,35,27,40,25,35
Spewpa,45,22,27,60,30,29
Vivillon,80,52,90,50,50,89
Litleo,62,50,73,58,54,72
Pyroar,86,68,109,72,66,106
Flabébé,44,38,61,39,79,42
Floette,74,65,125,67,128,92
Florges,78,65,112,68,154,75
Skiddo,66,65,62,48,57,52
Gogoat,123,100,97,62,81,68
Pancham,67,82,46,62,48,43
Pangoro,95,124,69,78,71,58
Furfrou,75,80,65,60,90,102
Espurr,62,48,63,54,60,68
Meowstic,74,48,83,76,81,104
Honedge,45,80,35,100,37,28
Doublade,59,110,45,150,49,35
Aegislash,60,150,150,50,50,60
Spritzee,78,52,63,60,65,23
Aromatisse,101,72,99,72,89,29
Swirlix,62,48,59,66,57,49
Slurpuff,82,80,85,86,75,72
Inkay,53,54,37,53,46,45
Malamar,86,92,68,88,75,73
Binacle,42,52,39,67,56,50
Barbaracle,72,105,54,115,86,68
Skrelp,50,60,60,60,60,30
Dragalge,65,75,97,90,123,44
Clauncher,50,53,58,62,63,44
Clawitzer,71,73,120,88,89,59
Helioptile,44,38,61,33,43,70
Heliolisk,62,55,109,52,94,109
Tyrunt,58,89,45,77,45,48
Tyrantrum,82,121,69,119,59,71
Amaura,77,59,67,50,63,46
Aurorus,123,77,99,72,92,58
Sylveon,95,65,110,65,130,60
Hawlucha,78,92,74,75,63,118
Dedenne,67,58,81,57,67,101
Carbink,50,50,50,150,150,50
Goomy,45,50,55,35,75,40
Sliggoo,68,75,83,53,113,60
Goodra,90,100,110,70,150,80
Klefki,57,80,80,91,87,75
Phantump,43,70,50,48,60,38
Trevenant,85,110,65,76,82,56
Pumpkaboo,59,66,44,70,55,41
Gourgeist,85,100,58,122,75,54
Bergmite,55,69,32,85,35,28
Avalugg,95,117,44,184,46,28
Noibat,40,30,45,35,40,55
Noivern,85,70,97,80,80,123
Xerneas,126,131,131,95,98,99
Yveltal,126,131,131,95,98,99
Zygarde,216,100,91,121,95,85
Diancie,50,160,160,110,110,110
Hoopa,80,160,170,60,130,80
Volcanion,80,110,130,120,90,70
Rowlet,68,55,50,55,50,42
Dartrix,78,75,70,75,70,52
Decidueye,78,107,100,75,100,70
Litten,45,65,60,40,40,70
Torracat,65,85,80,50,50,90
Incineroar,95,115,80,90,90,60
Popplio,50,54,66,54,56,40
Brionne,60,69,91,69,81,50
Primarina,80,74,126,74,116,60
Pikipek,35,75,30,30,30,65
Trumbeak,55,85,40,50,50,75
Toucannon,80,120,75,75,75,60
Yungoos,48,70,30,30,30,45
Gumshoos,88,110,55,60,60,45
Grubbin,47,62,55,45,45,46
Charjabug,57,82,55,95,75,36
Vikavolt,77,70,145,90,75,43
Crabrawler,47,82,42,57,47,63
Crabominable,97,132,62,77,67,43
Oricorio,75,70,98,70,70,93
Cutiefly,40,45,55,40,40,84
Ribombee,60,55,95,60,70,124
Rockruff,45,65,30,40,40,60
Lycanroc,85,115,55,75,75,82
Wishiwashi,45,140,140,130,135,30
Mareanie,50,53,43,62,52,45
Toxapex,50,63,53,152,142,35
Mudbray,70,100,45,70,55,45
Mudsdale,100,125,55,100,85,35
Dewpider,38,40,40,52,72,27
Araquanid,68,70,50,92,132,42
Fomantis,40,55,50,35,35,35
Lurantis,70,105,80,90,90,45
Morelull,40,35,65,55,75,15
Shiinotic,60,45,90,80,100,30
Salandit,48,44,71,40,40,77
Salazzle,68,64,111,60,60,117
Stufful,70,75,45,50,50,50
Bewear,120,125,55,80,60,60
Bounsweet,42,30,30,38,38,32
Steenee,52,40,40,48,48,62
Tsareena,72,120,50,98,98,72
Comfey,51,52,82,90,110,100
Oranguru,90,60,90,80,110,60
Passimian,100,120,40,90,60,80
Wimpod,25,35,20,40,30,80
Golisopod,75,125,60,140,90,40
Sandygast,55,55,70,80,45,15
Palossand,85,75,100,110,75,35
Pyukumuku,55,60,30,130,130,5
Type: Null,95,95,95,95,95,59
Silvally,95,95,95,95,95,95
Minior,60,100,100,60,60,120
Komala,65,115,75,65,95,65
Turtonator,60,78,91,135,85,36
Togedemaru,65,98,40,63,73,96
Mimikyu,55,90,50,80,105,96
Bruxish,68,105,70,70,70,92
Drampa,78,60,135,85,91,36
Dhelmise,70,131,86,100,90,40
Jangmo-o,45,55,45,65,45,45
Hakamo-o,55,75,65,90,70,65
Kommo-o,75,110,100,125,105,85
Tapu Koko,70,115,95,85,75,130
Tapu Lele,70,85,130,75,115,95
Tapu Bulu,70,130,85,115,95,75
Tapu Fini,70,75,95,115,130,85
Cosmog,43,29,29,31,31,37
Cosmoem,43,29,29,131,131,37
Solgaleo,137,137,113,107,89,97
Lunala,137,113,137,89,107,97
Nihilego,109,53,127,47,131,103
Buzzwole,107,139,53,139,53,79
Pheromosa,71,137,137,37,37,151
Xurkitree,83,89,173,71,71,83
Celesteela,97,101,107,103,101,61
Kartana,59,181,59,131,31,109
Guzzlord,223,101,97,53,53,43
Necrozma,97,107,127,101,89,79
Magearna,80,95,130,115,115,65
